"Observation","Cooks_Distance"
1,0.000654290477352875
2,0.000549227758583017
3,0.000182111638799285
4,0.00102929026439756
5,0.00126748237994306
6,6.12978254919594e-05
7,1.37162044620728e-05
8,1.42520583406095e-05
9,0.000538370983585909
10,0.000196932741848823
11,0.000118356089051883
12,1.7205002181009e-05
13,5.39426135211817e-05
14,9.71446298257806e-07
15,0.000143192671209279
16,1.09394488017202e-07
17,0.00180474763835614
18,2.5976269476951e-06
19,2.339613795916e-05
20,0.00332727355098932
21,2.15365015448104e-05
22,5.88825631773916e-07
23,0.00020325548769104
24,2.16334181032892e-05
25,1.20896026272363e-06
26,0.000201114776956636
27,0.0164277930136181
28,0.002388259555615
29,6.07198158776474e-08
30,0.001939549171354
31,2.08633894908622e-05
32,0.00270083312325792
33,5.45503004450437e-05
34,3.98303460720736e-06
35,1.31496003135516e-05
36,0.000133867325844783
37,4.26442658796456e-05
38,2.53809099036836e-05
39,0.0305379067417089
40,5.62850195424181e-05
41,0.000204714610773286
42,0.000470740994280477
43,2.06141959183582e-06
44,0.00151090432106479
45,0.000522850373976657
46,0.000743400436199245
47,0.000437060220244182
48,0.00418340640895344
49,0.000182114777856286
50,0.00258490788131467
51,2.7896534090315e-07
52,3.3062746384519e-05
53,0.00194901907348957
54,0.00055265346273039
55,8.48346165750686e-07
56,3.10383623610296e-06
57,0.00028444437494831
58,0.00255010280562036
59,3.97508690776257e-07
60,4.99607429093809e-05
61,1.36528909172237e-05
62,1.33146476908847e-05
63,0.000971202387869326
64,2.59125838859341e-05
65,8.9629313484712e-07
66,9.73982777407206e-06
67,3.65565830071105e-07
68,5.61394924386735e-07
69,1.56862537163929e-06
70,0.00689397832535485
71,0.000681153908255539
72,0.0010041316807121
73,0.000191211625502377
74,0.00100315421278646
75,7.32707540622826e-05
76,9.35794080323978e-06
77,4.65459784793797e-07
78,1.35975067973163e-05
79,7.35677257646223e-05
80,0.000327954685530907
81,1.47389321073581e-06
82,1.0333531354091e-08
83,5.23646614566515e-14
84,0.00021808334897184
85,0.00131532596828807
86,7.92638704240254e-06
87,0.00113696989718321
88,0.000509681795760373
89,6.03781181493773e-12
90,6.74202134278915e-05
91,1.83398856622255e-05
92,8.45108295595719e-06
93,5.44541514902164e-06
94,5.5258862388962e-05
95,3.98518124554279e-05
96,6.05963413084419e-07
97,0.00203603456588388
98,4.54631832260642e-05
99,0.041549849257487
100,0.000196413424084027
101,1.23626306486888e-05
102,9.42299004260878e-07
103,0.000124627865630683
104,7.41311642865889e-05
105,0.000255122751860623
106,1.91753924303488e-05
107,7.82073444605979e-06
108,0.0118814441542598
109,0.000137317085545974
110,0.00239183365343745
111,7.47467612243163e-05
112,9.95370654155706e-05
113,7.97137203349901e-07
114,4.2904248326565e-06
115,5.45710540010648e-05
116,8.67464634321198e-05
117,5.09042085291275e-05
118,0.000508947427216694
119,2.64710132562514e-06
120,0.0011797797480429
121,9.44128671618009e-06
122,6.51167224999904e-05
123,8.66558899368115e-09
124,8.232900571213e-06
125,0.000244819385487006
126,1.32053140918797e-05
127,2.32961463045726e-05
128,3.26934854419418e-05
129,3.47738869776837e-05
130,1.41305948292789e-06
131,1.31328080637118e-05
132,3.45967230733392e-05
133,1.65121369544992e-05
134,0.000383572591118072
135,0.000340541469597311
136,0.00121470603802054
137,0.000206958458050746
138,0.00261468008682293
139,0.000102133079758112
140,5.66185232781338e-05
141,0.000732498794097675
142,3.2932567306447e-05
143,0.000439397180398004
144,1.60154243981701e-05
145,3.85512739024027e-07
146,2.46941380282458e-07
147,3.33791314439358e-06
148,1.14486269075227e-06
149,6.03988526517996e-07
150,3.99348176305624e-07
151,6.07337627290418e-06
152,0.00335392715703295
153,4.00864034340421e-09
154,1.98095107308883e-05
155,0.000469147926798449
156,0.00135346654470981
157,3.63910531806679e-08
158,1.88252570299188e-06
159,1.54109620685274e-06
160,0.000740582399888951
161,2.28529000403851e-07
162,6.76178643134127e-05
163,0.000851821213467758
164,0.0110596692005578
165,0.000165093047040966
166,1.58104631855629e-06
167,4.05155843774206e-07
168,0.00760235543716962
169,7.47232011137095e-07
170,8.29453517730489e-05
171,1.99782871333847e-06
172,0.00245544383082914
173,7.44212594266456e-05
174,0.000279166752291191
175,0.00468214902542264
176,3.8444806599644e-07
177,1.94300264256775e-05
178,2.91098602178243e-05
179,7.46937853895866e-06
180,7.84486400948207e-07
181,1.66010691623534e-07
182,1.84016450739948e-06
183,4.65037945911812e-05
184,2.22519464130295e-05
185,0.00105608272944849
186,0.000455092064634587
187,4.08280996389629e-08
188,0.000116057092023886
189,1.71146410653274e-08
190,0.00776143220992337
191,0.00299210997952148
192,0.000140060056149516
193,0.00108334670150023
194,1.54647608322055e-05
195,2.94734693996199e-05
196,5.02132944724735e-06
197,6.22557852511334e-07
198,0.000100212244435145
199,4.51520401541533e-06
200,3.87889615171913e-06
201,2.48183758922205e-05
202,5.85731770768109e-06
203,0.0122611892869093
204,9.22743741262896e-05
205,1.06690121279768e-05
206,8.81350457053198e-07
207,2.88433329739658e-06
208,0.000253405376966092
209,9.36585004949911e-08
210,8.61643474820461e-06
211,0.00056358636445659
212,3.42271777007901e-07
213,0.000363395881330093
214,0.0005925916612426
215,0.00281914576765403
216,0.000185705321468676
217,9.14636580896288e-05
218,1.63482843838903e-07
219,3.80414550420815e-05
220,2.03135341281445e-07
221,0.0300695470646814
222,4.13657212033201e-07
223,1.4274438894853e-06
224,6.96880777966902e-07
225,0.00326429710621355
226,1.2826391028247e-05
227,5.86230851922558e-07
228,1.64747311148421e-06
229,2.28288740965663e-06
230,4.60076577342888e-05
231,4.88862795350082e-05
232,0.00515706293163593
233,2.558396023117e-07
234,0.00833487783882781
235,2.78974329590508e-06
236,0.00156519829406778
237,1.90101174922988e-06
238,0.000440615944368146
239,0.000289949286590435
240,0.00190257835787685
241,0.00103496357852972
242,0.00226796290721179
243,1.1734705156486e-05
244,9.10551592610221e-05
245,0.00193231375244424
246,1.86171858719536e-05
247,1.6016116111396e-05
248,1.41570215925913e-05
249,2.44124977855751e-06
250,5.72998665832493e-07
251,1.57084342470717e-05
252,0.00116147178275388
253,0.0014819170482295
254,7.38650158906903e-05
255,0.000145762141692538
256,0.000831244191280391
257,0.000239578562517023
258,0.00736994961287923
259,0.00104859509636908
260,0.000825715048093254
261,0.000344624556260788
262,3.1285621304791e-07
263,0.00148407009180112
264,0.0050683035069337
265,0.000356572018364646
266,2.27202349960051e-07
267,4.6893444692367e-05
268,4.28375004745539e-05
269,8.49843884354092e-06
270,0.00153969137571204
271,0.00273430258682534
272,0.000259909097157946
273,1.0518294068124e-06
274,5.75995026801124e-07
275,7.49592493449272e-07
276,4.14896172154171e-05
277,0.00023645015799011
278,2.02199216576888e-07
279,1.18848568778939e-05
280,2.76524812326346e-05
281,1.22607910446668e-06
282,8.99033841684752e-05
283,1.01894392666783e-05
284,0.000323983958039498
285,0.000166831266174656
286,0.000906311282378265
287,5.14312101910205e-06
288,7.87432875929327e-06
289,1.69398728476725e-06
290,4.12572639541095e-08
291,6.62193878795526e-06
292,0.000453216606613251
293,0.000529751214395262
294,2.75622829377345e-05
295,5.79995322741082e-08
296,0.00559896752277554
297,0.00223310441821173
298,0.000880130074563722
299,8.76691345723431e-05
300,0.000209305940198731
301,6.49153931443701e-06
302,2.40229249157419e-05
303,2.19930349878922e-07
304,1.53615101549085e-06
305,2.207697827574e-06
306,3.27686039254838e-05
307,9.14964000663322e-05
308,0.000475666180627468
309,0.000795212812028199
310,5.15051945595111e-05
311,3.19111797225064e-06
312,2.73499461193891e-05
313,0.000187573031824006
314,1.07308417228567e-06
315,4.33150653720625e-05
316,8.36449505345367e-06
317,2.25537876976626e-05
318,2.29358191457616e-06
319,0.000395777733531675
320,1.31204385256045e-05
321,0.00118690347703415
322,0.000384173354866292
323,0.00010715730131477
324,0.000128715092576229
325,7.55772943094491e-05
326,0.000119944578054754
327,2.29488546370639e-06
328,0.00013123207312908
329,0.00302455601363095
330,3.22071037592973e-06
331,1.62041932959203e-08
332,3.24872288162264e-05
333,5.47569592501011e-06
334,0.00051882154955605
335,1.1690719908675e-08
336,0.00024818115893218
337,0.00592821075194689
338,1.23687203509996e-08
339,6.04302304056819e-05
340,2.21913577682308e-06
341,1.53192916910865e-06
342,0.00558019623101487
343,0.00664536095535477
344,1.50503184486695e-05
345,2.65713431353441e-06
346,1.52578461539326e-07
347,2.34630095511027e-06
348,0.000753528767334136
349,7.29130161164287e-05
350,2.54810544180271e-08
351,0.00484359411882853
352,0.000449624935498314
353,8.52416259072821e-05
354,0.00792008538201339
355,0.000159331803982806
356,9.6506191206652e-05
357,0.000119796890220131
358,0.000925602083661494
359,1.47682711626338e-06
360,2.89525945023993e-06
361,1.13198739544224e-06
362,2.08360580606986e-05
363,4.81293924820712e-05
364,6.12101812132324e-05
365,0.000195656898539575
366,8.37799508762961e-05
367,2.08824564615609e-07
368,0.00505088274864636
369,3.97558525708596e-07
370,2.37972643625025e-05
371,2.35325866919066e-05
372,4.6105395830094e-05
373,3.58534448027041e-05
374,2.60199770390186e-06
375,2.89219981973879e-05
376,8.84288214883248e-07
377,1.86692062893478e-05
378,5.40457359720797e-06
379,1.22522546133339e-05
380,0.0124794710017672
381,0.000378840936107156
382,4.24702595749814e-07
383,5.32730105456438e-05
384,1.43550724176492e-06
385,0.000102354426923756
386,0.00011930663472666
387,0.000209566213248516
388,2.19756740360303e-08
389,0.000939057786095648
390,0.000989375305707455
391,7.56400450469641e-06
392,0.000279300304554421
393,0.000112966729912553
394,5.36847029048547e-07
395,1.65563677866017e-05
396,0.000317762665105613
397,3.93155534721361e-05
398,0.00043640005949686
399,0.000223841943560918
400,2.41283032500288e-06
401,1.68445997269663e-05
402,4.90738646547868e-06
403,1.37211297054619e-05
404,6.4767077302012e-05
405,7.34313671211579e-07
406,0.00325089119988659
407,0.00014450446852288
408,9.31305382742567e-07
409,6.55891195331602e-07
410,0.000127739741858057
411,9.93409461167761e-05
412,0.00290804189797321
413,0.000141103968699619
414,6.78275513440014e-06
415,2.98208997628454e-05
416,2.3914408763569e-06
417,3.04010620271051e-06
418,1.66673807314749e-06
419,4.32703476734949e-06
420,2.07934296897712e-05
421,1.4579040884958e-05
422,9.74171837332053e-05
423,2.67047397759538e-05
424,1.94858750529035e-05
425,1.29573114033204e-06
426,0.00446488035412873
427,1.28629861197038e-07
428,6.21775851157258e-07
429,5.93530728079046e-07
430,1.58764275476529e-06
431,0.000354127915522876
432,3.54298960030599e-09
433,1.86556030501772e-09
434,4.32787107763716e-06
435,2.22744837296202e-12
436,0.000204500799470381
437,0.0010192367496229
438,3.30789065426541e-06
439,0.000103738365737118
440,0.000441484989923905
441,0.0100415191249689
442,0.000500948267398868
443,0.00471787198507528
444,3.04116719018107e-05
445,6.26824029399922e-05
446,7.14117095834438e-05
447,0.000282665571908591
448,2.88548774086787e-07
449,0.000231000731800553
450,0.000789051963057584
451,3.78421826157756e-05
452,7.7528981011904e-07
453,3.94552079206447e-08
454,0.000183524278951039
455,0.00087831323204144
456,7.25571899049984e-06
457,2.30186831247912e-06
458,0.000118741994972216
459,0.00238555816854361
460,4.21786113749284e-05
461,1.17260076506913e-06
462,0.0268054231673331
463,8.51182180420627e-05
464,1.03916449506931e-07
465,0.00229896423574153
466,0.00128516647253488
467,1.49040271292761e-06
468,3.95984739268725e-05
469,0.000370466842892402
470,0.00203917154667543
471,0.000254457725785961
472,2.98685031551443e-05
473,3.62345261716353e-07
474,0.00242177909607954
475,6.73996927327876e-09
476,0.000314771169507496
477,1.74365972544537e-08
478,0.000801883887571207
479,2.0400359999794e-07
480,0.0299647080103827
481,3.8581838238119e-06
482,0.00399449974873979
483,5.38148687608762e-05
484,1.90992381153328e-07
485,0.00365896465972165
486,0.000607231238387053
487,6.17732224643521e-05
488,1.28628446662777e-05
489,0.000146477232860412
490,0.000107945877133346
491,0.00979107802788697
492,0.00827041381933537
493,1.47755468660726e-05
494,7.87729831735394e-07
495,0.00167312575450854
496,1.27728426748392e-05
497,0.00363910006764577
498,3.18247848898223e-07
499,8.35570366132957e-05
500,0.00128438912011481
501,9.78878776307662e-07
502,0.00114389795411667
503,5.93817150426372e-06
504,5.64074089074353e-06
505,4.82934499860922e-05
506,8.58052540939391e-05
507,6.2636038620182e-06
508,7.38335040376339e-07
509,8.31550933313298e-06
510,6.76499339642763e-06
511,6.48281799452198e-05
512,0.000134404779948316
513,0.00164467571395879
514,0.000139594864112768
515,0.000513750041569903
516,2.18954871062149e-06
517,0.00231429565421458
518,0.000237264561849357
519,5.18593408899663e-06
520,8.9582452678124e-05
521,0.000187242570426295
522,2.23454200960934e-05
523,0.00216417518978775
524,5.81820768741362e-06
525,9.82142694380364e-06
526,3.83633408669102e-08
527,3.0294904274094e-06
528,0.00300915914434493
529,2.14952507199081e-05
530,6.69938390572481e-06
531,3.88644168869844e-05
532,0.00214462152106467
533,8.66320700898942e-05
534,0.00348427047310795
535,8.77946984203154e-06
536,0.00261724652879454
537,0.00486149306878444
538,1.20696000476737e-05
539,0.0101866195396349
540,6.21156064114222e-06
541,0.00123588907368291
542,4.82862899349455e-05
543,0.000106209658561908
544,0.000243759966859375
545,4.18033411377759e-06
546,0.000178811681509292
547,8.74639329582118e-06
548,0.000155457410006092
549,1.15702080804492e-06
550,6.25443148321439e-08
551,4.73145894250493e-05
552,0.000214816981558786
553,0.000400443200499693
554,0.000398084483927891
555,3.31495849213089e-05
556,2.32954102282406e-06
557,0.000763276016481166
558,9.90624572853262e-05
559,0.00134496616127595
560,4.34214708968708e-06
561,0.00688516556019452
562,3.47552007246212e-05
563,0.00118630558615807
564,5.87375076789731e-07
565,3.89296781335296e-05
566,2.76468058787132e-08
567,7.35535375233788e-05
568,0.000152668628507374
569,1.73716606780666e-07
570,2.06507106595317e-06
571,9.50310798916326e-07
572,2.43719358112536e-05
573,0.00052955197276298
574,5.80233160133341e-05
575,1.97082833363989e-07
576,6.73388838400379e-09
577,0.000220353097527926
578,4.06140500367255e-08
579,0.00112964429858895
580,0.000217122957504947
581,2.3985824450913e-06
582,7.69958937910663e-08
583,4.64304052366478e-06
584,0.00243574415844685
585,3.14606617520505e-05
586,2.38272807395195e-07
587,0.00132145193634526
588,2.87545719901166e-05
589,0.00129332965189425
590,4.02747767304563e-08
591,0.00240873327805061
592,1.01732923035982e-05
593,1.5974806188825e-06
594,9.96788062244455e-06
595,6.50557223346173e-06
596,3.11991895656951e-06
597,2.84274069681325e-05
598,2.96259936120425e-05
599,4.65261573103361e-05
600,8.47301053123532e-05
601,3.09291739578854e-08
602,0.00140894381948688
603,0.00262657654264464
604,0.0298201288276935
605,6.16681694783506e-05
606,5.44808912618634e-09
607,0.0125902004704656
608,0.00440718544801608
609,0.000197684552606802
610,1.745109231687e-07
611,0.000711080658003949
612,5.2890370955781e-05
613,0.000662595005026078
614,0.00296608323763226
615,0.00109701115950121
616,0.000178507398859397
617,1.82411851242292e-05
618,2.8847922683533e-05
619,1.79945340698573e-05
620,0.000477409746690091
621,4.56994752129592e-05
622,6.22706002411681e-08
623,0.000433652746967005
624,2.12716119387887e-06
625,1.10656928008069e-05
626,2.93972863285863e-06
627,1.19276579309189e-05
628,0.000421294655987838
629,0.000496834400126602
630,9.42251827062685e-05
631,0.00945955577316273
632,0.0137151795718563
633,0.000842522137391612
634,8.89308061595626e-05
635,1.31529443537082e-07
636,1.18137361780891e-06
637,4.0998810911747e-05
638,8.98803379560043e-05
639,5.38063085469438e-07
640,1.70750758617916e-06
641,0.00977500210728601
642,0.00319296140704134
643,0.004102469940787
644,5.32863153514503e-05
645,0.00608414951931489
646,0.00477949333757303
647,2.29329035390595e-05
648,0.00164523043355455
649,0.00319731962035095
650,1.90987043364938e-05
651,4.14185127666036e-07
652,3.80990056739373e-08
653,1.18626051040816e-07
654,4.00745363965289e-05
655,7.38177638147442e-05
656,2.19477679533174e-06
657,0.000363459712360864
658,0.014776335696644
659,2.11526220133986e-05
660,0.000402733162988909
661,1.89899720936697e-07
662,0.000272589086707836
663,0.000239376780246361
664,1.02150405323673e-05
665,2.05851321703348e-05
666,7.79038255950673e-06
667,0.00252284805466928
668,0.000124177816403033
669,2.16702470521518e-06
670,0.000424248447248136
671,0.00895276611621728
672,0.000291602449504705
673,0.00128341935235288
674,0.00266849561834277
675,1.84824532159417e-05
676,1.15057307303933e-05
677,3.93417015800469e-05
678,0.000204358129935946
679,0.00602110466146848
680,6.26753346200139e-05
681,8.85929547984673e-05
682,0.000118124438957982
683,6.13245660044775e-05
684,0.00174683189410118
685,0.00261730842909358
686,1.2875948293261e-06
687,0.00235978714041654
688,1.08325513195434e-06
689,1.04896575025778e-05
690,4.48688579883777e-05
691,0.00053553813348627
692,4.73220029022233e-05
693,0.000210432394772037
694,0.000479640668918483
695,7.97338815042027e-08
696,0.00194719530312548
697,0.00367783064694202
698,0.00144839721862675
699,0.00322896656209233
700,0.00032811300893681
701,0.000438145847728906
702,2.99547561697016e-07
703,0.000362786592463466
704,1.13049951897623e-06
705,0.000224482425258934
706,0.00208837814658264
707,0.000548467010919836
708,3.09522767479902e-05
709,2.4326594320752e-08
710,1.56759411233352e-06
711,0.00083605350448182
712,0.00018262978549142
713,2.27357636643535e-07
714,0.000304603831078145
715,2.26238489427051e-05
716,2.00511247992684e-05
717,0.00169255768727998
718,2.04004878902014e-07
719,6.91463557656482e-07
720,0.00314390375607529
721,3.91167718171083e-06
722,1.11237735633771e-10
723,5.05255370589253e-05
724,2.92111392049166e-06
725,1.8754793504583e-06
726,8.31988058503123e-05
727,7.06943305545085e-06
728,0.000101596287860129
729,4.12593698097532e-07
730,1.57697292633511e-07
731,3.79683934429194e-06
732,9.77594082660879e-06
733,8.33654652290171e-07
734,0.00159611621159406
735,1.5680663756622e-06
736,1.15635540027303e-05
737,0.0147386883592685
738,0.000166256859174466
739,0.000932836945780475
740,0.0029586153304814
741,5.2500813563714e-07
742,4.17474954996454e-05
743,1.66824748649689e-05
744,5.85724326782001e-05
745,3.3713617690684e-05
746,7.14503637950019e-05
747,0.0121442349001132
748,5.76267048893875e-05
749,0.000116839193777013
750,3.22073414210632e-05
751,3.33220857222332e-08
752,0.00046290864280097
753,0.013474072254937
754,1.16654240435606e-05
755,0.00637085634985924
756,0.00392353442276842
757,0.000310773713075153
758,6.53136590216667e-07
759,7.50442677183999e-05
760,1.14166886194974e-05
761,9.73022723968902e-05
762,0.000416668702042476
763,0.000341753679109167
764,0.000852221793518186
765,7.00206896268956e-06
766,5.07913265188773e-05
767,0.00274752276810404
768,0.000188126414674415
769,0.0048654581994794
770,6.24547368908728e-07
771,1.27145366975718e-05
772,3.350623116987e-06
773,1.29930369497729e-06
774,3.7945360388764e-05
775,0.00010737490196924
776,9.14643199604433e-06
777,2.59664566119804e-06
778,0.00110703594153254
779,0.00283937562723301
780,0.000222633705767471
781,1.31262476840796e-06
782,0.0011332296758515
783,0.00116760620109474
784,0.00149721423407761
785,7.36271001498903e-07
786,0.00053799922761474
787,0.00817013417200863
788,0.000596963237768728
789,0.000144916295300323
790,0.000709028588051744
791,0.000149688272284615
792,0.000380085010266144
793,0.00144735832056429
794,3.49352906519284e-07
795,0.000243546591672574
796,0.000370396099089175
797,0.002258381698151
798,6.97743678293086e-05
799,1.59660315380632e-12
800,0.000257853187248298
801,0.000100112562960731
802,9.81029345999906e-05
803,1.05708349916681e-05
804,0.00241645630920738
805,0.00405998447538216
806,3.05304421229707e-06
807,1.83846060383517e-07
808,5.0844227338554e-11
809,0.00135766179123843
810,3.20362915310909e-05
811,0.000155544408247761
812,9.995107290059e-06
813,0.00272473332363661
814,0.000217450843257292
815,0.000214309981717846
816,0.000348124982957554
817,2.786499993176e-06
818,0.000458105827831826
819,1.26710841160059e-05
820,6.52633145572223e-05
821,0.000111074503668747
822,8.88932987401973e-05
823,5.34841958455011e-08
824,3.44093207752112e-05
825,0.00364589077511082
826,6.89392984470193e-05
827,0.000138360974351212
828,0.000342032617628206
829,0.000128588145788406
830,1.31577162574555e-05
831,4.94883225256859e-09
832,3.26452341375949e-05
833,8.00587547384997e-06
834,1.96801946440038e-07
835,5.19620333615871e-05
836,9.79759980327177e-05
837,3.05493910256836e-05
838,0.000419740843357989
839,0.000151938519442391
840,1.54353636583925e-06
841,1.55288147997791e-07
842,5.45102124215015e-09
843,0.000261070031084559
844,0.000130029361263591
845,0.00102511090317489
846,0.000115316037127336
847,7.65225646046796e-06
848,6.24943701685213e-05
849,5.58999107136963e-06
850,1.1551153820354e-06
851,0.000108968547751214
852,0.000155950759692139
853,0.000215282388975214
854,6.87586119777211e-05
855,0.000145379972546678
856,6.36500698212039e-05
857,2.67695767264623e-06
858,4.4816364788677e-08
859,0.00441671173745983
860,2.23523423949553e-05
861,8.01779312620121e-05
862,8.75853457407922e-05
863,0.00174249805176789
864,0.00530530300349501
865,0.00362721870842068
866,0.0247987367440143
867,0.000237367654285351
868,0.000187507932455913
869,4.25627957592878e-06
870,5.82937446791154e-05
871,6.97110213917148e-07
872,0.000414189775910298
873,0.000251710105338877
874,0.000704675891042719
875,1.31151019129796e-09
876,0.00146688136750916
877,4.54706502203325e-05
878,0.00146123092050528
879,5.01793278047422e-06
880,4.35367009531537e-05
881,0.000342319304679006
882,0.00696286635975659
883,0.000137376135978146
884,0.000577277543193116
885,0.0013728055493647
886,0.00869592389615013
887,2.86675639367763e-06
888,0.000555480859359908
889,2.83094025199617e-06
890,7.18046895766844e-05
891,1.31840379425581e-05
892,0.000116626616929425
893,0.00157966319144283
894,3.93819101658869e-06
895,3.69804201314762e-06
896,4.83751834266715e-05
897,9.50145857609712e-07
898,1.01365413591593e-05
899,0.000113722782506463
900,1.7490047750259e-05
901,3.7452011866994e-05
902,2.51471012393425e-05
903,3.34690151078763e-05
904,0.00114648498688842
905,0.00172268397451252
906,0.00204843695169515
907,4.44493042743574e-07
908,1.05373919166991e-06
909,7.05739766978044e-05
910,0.00598089570031572
911,0.000208630456018321
912,0.000572603720400188
913,0.00100412507824199
914,2.78532293790109e-06
915,3.2327601621741e-05
916,0.000396293698438453
917,1.76121077079637e-05
918,0.000147185491935159
919,4.38946303997701e-12
920,2.86027346975274e-07
921,1.42155790647522e-05
922,0.000234158653275028
923,2.45926954749991e-08
924,4.44766990904479e-06
925,0.00814948235067551
926,0.000404797254038753
927,0.000889648601124273
928,6.6275553864089e-07
929,0.00077009812017731
930,0.00228403783111221
931,7.05215938966373e-05
932,7.6501642401072e-05
933,9.80558419489987e-05
934,0.000962010163471873
935,1.98083826884861e-08
936,2.26573831124314e-06
937,4.03662145410673e-08
938,0.000638809572646107
939,6.40279534506672e-07
940,8.98571792400489e-05
941,6.70615826720235e-07
942,3.30685568973497e-07
943,1.65585851202466e-08
944,1.26810811091591e-06
945,6.17315108281986e-08
946,1.53932863212798e-07
947,3.29809679906076e-07
948,0.000114615789431093
949,0.000513451830692059
950,0.00077559896574703
951,2.33995185428981e-07
952,1.63295683714812e-06
953,0.00183291376456432
954,5.13297069104692e-06
955,0.000136082303717124
956,0.000122613138163789
957,0.000488962945029566
958,1.92736480366619e-05
959,8.51716594428101e-07
960,0.0076911936397343
961,7.30050840421595e-07
962,0.000163252031544417
963,8.19693511058379e-07
964,9.32772590158323e-08
965,4.53297038991046e-07
966,0.000123823241990764
967,1.63661573248629e-05
968,0.004992687717894
969,3.99219445846598e-06
970,0.00135235075310339
971,2.89556818100457e-05
972,3.46933582648146e-05
973,5.76592674769947e-05
974,1.13285873558839e-06
975,0.00731412242832826
976,7.71513573716539e-05
977,0.000498324619606948
978,4.54272863838041e-06
979,5.80287813155666e-05
980,0.000136431420424326
981,5.43323118564866e-07
982,5.76102106862606e-08
983,0.00271858352834197
984,0.000681412397109741
985,0.00077787737800989
986,2.57048647432107e-06
987,0.000398020218420014
988,0.00372947251967855
989,0.000232382697657599
990,2.84617095590737e-05
991,1.25998227957797e-05
992,0.000410849642955248
993,0.000221192591236576
994,3.94083065120923e-05
995,1.87127748707288e-05
996,6.67611657773734e-06
997,5.34732545291964e-06
998,0.000113375102305361
999,0.000457197368079752
1000,0.00590081853238373
1001,5.23865585531e-07
1002,0.000157782654411094
1003,2.77110809439169e-06
1004,6.28654617263478e-08
1005,1.4478699407296e-05
1006,8.11690595507228e-08
1007,1.48714446646907e-06
1008,0.000354391371236818
1009,0.000555093155903869
1010,6.52445004946383e-06
1011,0.00154398250954777
1012,0.000173486014772346
1013,1.04883293034985e-06
1014,0.00015648996931134
1015,2.51332379593758e-06
1016,0.00510606247330311
1017,2.40295241132722e-05
1018,0.00267119688748791
1019,9.629079716489e-06
1020,1.51142529419775e-07
1021,3.59172607430123e-05
1022,0.00220480557671224
1023,2.97356315831556e-05
1024,2.53383689389032e-05
1025,3.68394552499772e-07
1026,0.00460238481325976
1027,0.0113694036001011
1028,3.37884817817399e-05
1029,7.43243485279688e-05
1030,6.75005508801833e-05
1031,0.000451810357772444
1032,0.0153875970967497
1033,2.31225287168526e-08
1034,7.53003075957074e-07
1035,0.000129096506683015
1036,0.000487008769024158
1037,6.24309186368014e-06
1038,9.56991391399118e-06
1039,0.002006097855768
1040,4.39947478155639e-05
1041,0.000110251999132578
1042,0.000151162921891491
1043,0.0121659316378073
1044,0.000881696229215175
1045,1.40592034834013e-07
1046,5.78699378405951e-05
1047,2.00499015683377e-05
1048,0.000998906514322064
1049,6.34416046101715e-06
1050,0.000526638564464321
1051,0.000247085580519858
1052,2.46567565250305e-08
1053,5.78478248464939e-07
1054,0.000103302467431175
1055,2.75807452152694e-05
1056,0.000136670360693618
1057,1.14783328116122e-07
1058,0.000270081189532446
1059,9.98786724888745e-05
1060,6.46451336515192e-06
1061,4.44175312556604e-06
1062,0.000245724255770635
1063,0.00954334564477969
1064,0.000694568372358019
1065,1.25755388113202e-05
1066,8.29329992255585e-07
1067,0.000216508369295198
1068,0.0013242361832757
1069,0.000130137311513711
1070,3.65317114878585e-05
1071,7.53830034912505e-05
1072,0.000150716397981717
1073,0.000707502507065466
1074,2.33059344318957e-05
1075,0.0010933824616522
1076,8.34471174379663e-06
1077,1.41025741688762e-07
1078,0.00558203349623443
1079,0.000203717622418729
1080,2.79593642273236e-06
1081,4.36050959664118e-05
1082,0.000308629466656224
1083,0.000729512148043804
1084,1.52689796969112e-05
1085,1.7237414598548e-05
1086,4.42965656176503e-05
1087,0.000162480063786557
1088,0.000824153325138119
1089,0.000210218363101145
1090,1.4374513875987e-05
1091,0.000386170316219262
1092,0.00117538276195336
1093,6.36780744659268e-05
1094,3.02692394978639e-05
1095,1.85073724787084e-05
1096,0.000744525411936917
1097,3.34811109264534e-07
1098,2.53308741527572e-07
1099,3.40780617620138e-05
1100,0.00062889544602141
1101,0.000147309493022778
1102,6.08939850624153e-06
1103,1.39047486912954e-05
1104,4.82957313285914e-06
1105,0.00027256883803709
1106,3.10319078249056e-06
1107,3.86343797195427e-05
1108,1.32334756804406e-07
1109,0.000301526686431637
1110,0.00406501545223394
1111,0.00522108981077668
1112,3.59425693472093e-06
1113,1.46260866011101e-06
1114,0.00485490801455181
1115,4.08148179151682e-05
1116,1.72420759644088e-05
1117,2.04330838959339e-07
1118,5.1808351692035e-07
1119,0.00142881019573748
1120,1.89977680700989e-11
1121,0.000603286954634635
1122,1.76414518056733e-06
1123,2.21104770122852e-08
1124,0.000843757906528463
1125,0.000173356575927827
1126,1.14057071123569e-05
1127,0.000211106285842566
1128,1.80746102618311e-06
1129,7.29110831624992e-05
1130,1.28442249411682e-06
1131,0.000437799085781143
1132,1.50913683343805e-05
1133,0.000139834631451859
1134,0.000203153813709189
1135,0.000703188552763108
1136,3.79581540923865e-08
1137,0.000893326876203587
1138,3.07338398953755e-06
1139,3.18117257688324e-06
1140,0.000315690283337635
1141,0.00249730437996442
1142,0.000377356510996011
1143,1.5780310122203e-07
1144,6.14092858249223e-07
1145,1.49098918941206e-06
1146,0.000432172466717546
1147,5.00362996173072e-06
1148,0.000479393273012159
1149,0.00541443260640654
1150,5.55888121541609e-07
1151,0.0010357428298993
1152,2.48406637261097e-06
1153,7.84404701695919e-10
1154,4.15398075081691e-05
1155,0.010624720967126
1156,1.69701784671349e-05
1157,5.01262831009347e-06
1158,7.96678448336645e-07
1159,1.12091851157083e-06
1160,0.00685816726743582
1161,1.82524144583394e-06
1162,0.00660726278380175
1163,0.000212075416452446
1164,0.00015945711955459
1165,1.06341355664573e-05
1166,1.94098477964619e-07
1167,3.09074226004463e-06
1168,0.00196963035576434
1169,0.0011562936466449
1170,0.00351519755841406
1171,0.00122056291256474
1172,4.64551425105252e-06
1173,0.000209116404850336
1174,1.92776256361577e-05
1175,0.000190832620479125
1176,1.9400680144114e-06
1177,2.4720906120243e-05
